beastId,displayName,element,role,rarity,source,quote,lore,codex,traitName,traitDescription,bodyMainHex,bodyAccentHex,energyGlowHex,eyeCoreHex,outlineHex
baize,白泽,4,4,1,《云笈七签·轩辕本纪》,黄帝东巡至海，登桓山，于海滨得白泽神兽，能言，达于万物之情。……凡一千五百二十种。,能说话，通晓万物之情。黄帝东巡时在海边遇到它，问天下鬼神之事，它答了一万一千五百二十种。传说《白泽图》便是由此而来——一本记录所有怪物弱点的手册。,它知道一万一千五百二十种鬼，所以它从不害怕任何一个。,达万物之情,战斗开始时，揭露敌方全体的五行属性、携带技能与弱点（玩家可见）；我方全体对「已揭露」的敌人造成的伤害 +12%。我方单位每次暴击，全队获得 1 层「知」（暴击率 +3%，上限 8 层）。,#F0EFEA,#C9A063,#D6ECF0,#6B7B8C,#2A2118
bashe,巴蛇,5,5,2,《山海经·海内南经》,巴蛇食象，三岁而出其骨。君子服之，无心腹之疾。,能吞下一头象，三年后才把骨头吐出来。它的胃口不是靠身体大小决定的，而是靠时间——它有足够的时间去消化任何东西。,它不着急，三年对一条蛇来说不算长。,三岁,自身攻击对「体形大于自身」或「生命上限高于自身」的目标伤害 +40%；每次击杀目标，将目标最大生命的 15% 转化为自身永久生命上限（本局内累积）。,#424C56,#C9A063,#6B9FD4,#FFB03A,#2A2118
bifang,毕方,2,3,2,《山海经·西山经》,章莪之山，有鸟焉，其状如鹤，一足，赤文青质而白喙，名曰毕方，其鸣自叫也，见则其邑有讹火。,鹤形独足之鸟，青底红花，白喙。它出现的地方会莫名其妙地起火——不是它纵火，而是它本身就是一座行走的引信。古人讨厌它，因为它总能提前知道哪里要着火。,它叫的时候，屋子已经在冒烟了。,讹火,我方火属性单位造成伤害时，有 35% 概率为该目标附加 1 层灼烧并蔓延给其一个相邻格单位（相冲格不蔓延）。,#5D8A66,#E04B3A,#FF7A2F,#FFFFFF,#2A2118
chongming,重明鸟,2,4,1,《拾遗记》卷一,尧在位七十年……有祗支之国献重明之鸟，一名双睛，言双睛在目。状如鸡，鸣似凤。,鸡形凤声，双眼里各有一个眼珠，故名「重明」。它能驱鬼避邪，古人把它的形象贴在门上，代替老虎和雄鸡——这是最早的门神之一。,贴它一次，一年不出门也安心。,双睛,我方全体免疫「致盲」「致盲类」与「命中降低」效果；我方每次暴击，为全队回复 2% 最大生命（无 CD）。,#E9E4D8,#E04B3A,#FFD84D,#FF7A2F,#2A2118
dangkang,当康,3,4,1,《山海经·东山经》,钦山，有兽焉，其状如豚而有牙，其名曰当康，其鸣自叫，见则天下大穰。,像野猪而有獠牙，叫声是自己的名字。它出现的年份天下丰收。在灾年的传说里，它是唯一一个只带来好消息的异兽。,它一叫，田里的谷穗就自己低头了。,大穰,每回合结束时，我方全体获得 1 层「穰」（上限 6 层）；每层使我方全队的治疗与护盾效果 +5%。每场战斗中「穰」达到 6 层时，全队立刻回复 25% 最大生命。,#C9A88A,#E8C25B,#F0C239,#2A2118,#2A2118
dijiang,帝江,3,4,3,《山海经·西山经》,天山，有神焉，其状如黄囊，赤如丹火，六足四翼，浑敦无面目，是识歌舞，实惟帝江也。,像一只黄色的口袋，红得像丹火，六足四翼，没有五官——没有眼睛，没有耳朵，没有嘴。可它懂得歌舞。它不知道什么叫「看」，所以它知道什么叫「感」。,没有脸的神，看的是心。,无面目,自身免疫「致盲」「嘲讽」与「标记」；我方全体受到的混乱类效果有 50% 概率被反弹给施法者。,#E7A33E,#E04B3A,#FFB03A,#C8352C,#2A2118
feiyi,肥遗,2,2,2,《山海经·西山经》,太华之山，有蛇焉，名曰肥遗，六足四翼，见则天下大旱。,蛇身而有六足四翼，飞不起来但爬得极快。它出现的年份必有大旱。在本作里，它是「旱」的化形——它所在之处，水会自己离开。,它爬过的地方，土比石头还干。,大旱,自身获取怒气速度 +40%；敌方每有一个水属性单位，自身攻击力 +20%。自身攻击水属性单位时，伤害系数额外 +30%。,#D65A32,#F0C239,#FFB03A,#2A2118,#2A2118
fuzhu,夫诸,5,3,1,《山海经·中山经》,敖岸之山，……有兽焉，其状如白鹿而四角，名曰夫诸，见则其邑大水。,白鹿而有四角。它是温柔的神兽，出现的地方却总要发大水。古人把它归入「凶兆」，其实它只是水的信使——它来了，说明水已经在路上了。,它没有恶意。水也没有。,见则大水,战斗开始时，为全场添加 3 层「湿」；我方每次造成水属性伤害，会使敌方全体的「湿」层数 +1（上限 5 层，每层使其受水伤 +8%）。,#F0EFEA,#C8CFD3,#A8D8E8,#6B7B8C,#2A2118
guanguan,灌灌,1,4,2,《山海经·南山经》,青丘之山，有鸟焉，其状如鸠，其音若呵，名曰灌灌，佩之不惑。,鸠形的小鸟，鸣声像人在呵斥。青丘多幻术，唯灌灌的叫声能让人从幻境中清醒——古人把它的羽毛佩在身上，说可以「不惑」。,青丘的雾散不开，但灌灌一叫，人就知道自己刚刚站在哪里。,不惑,我方全体免疫「混乱」与「魅惑」；我方单位每成功抵抗一次控制，为其回复 10% 最大生命。,#A8B87A,#5D8A66,#BCE672,#2A2118,#2A2118
hanba,旱魃,2,3,1,《山海经·大荒北经》,有人衣青衣，名曰黄帝女魃。,黄帝之女，穿青衣。她本是用来止雨的兵器，战争结束后却再也回不去天上——她所居之处，终年不雨。民间称她为旱魃。,她不是灾祸，她只是回不去了。,所居不雨,自身在场时，全场所有治疗与回复效果降低 35%；敌方单位每被治疗一次，对其施加 2 层灼烧（治疗反噬）。,#C0A86B,#7A6A45,#FFB03A,#FF7A2F,#2A2118
houtu,后土,3,1,3,《山海经·海内经》《左传·昭公二十九年》,共工生后土。……共工氏有子曰句龙，为后土。,共工之子句龙，为后土，主土地与社稷。五行之中土居中央，寄旺于四季——所以后土不属于任何一个季节，却又在每一季的末尾现身。,土不与谁争，但谁都站在土上。,土旺四季,战斗开始时，自身根据当前季节获得对应强化：春（木）额外治疗 +30%；夏（火）反伤 +30%；秋（金）护盾 +30%；冬（水）减伤 +15%。自身站在中宫时，全部四项同时生效。,#B8862B,#E8C25B,#F0C239,#2A2118,#2A2118
hundun,混沌,3,3,2,《神异经·西荒经》,昆仑西有兽焉，其状如犬，长毛四足，似罴而无爪，有目而不见，行不开，有两耳而不闻……有肠直而不旋，食物径过。,像犬而长毛，有眼却看不见，有耳却听不见。它没有五脏，肠子笔直，吃下去的东西径直穿过。遇到有德之人就去顶撞他，遇到凶恶之徒就依附他。天生如此，不叫恶，叫无别。,它不分善恶，只是一个还没被命名之前的答案。,无别,自身造成的伤害无视敌我关系——所有伤害性技能会以自身为中心波及全场。自身受到的伤害降低 25%（因为它根本不知道自己被打）。,#A89678,#6B6157,#C9A063,#2A2118,#2A2118
jiuweihu,九尾狐,1,2,3,《山海经·南山经》,青丘之山，有兽焉，其状如狐而九尾，其音如婴儿，能食人，食者不蛊。,青丘之山的主人。九条尾并非装饰——每一条尾都是一世修行，尾巴越多，能调动的「惑」就越浓。它的声音像婴儿啼哭，听见的人会不由自主地往前走。,九尾不是战力，是九世的耐心。它从不着急，急的是走进青丘的人。,九尾递进,每回合开始时，自身获得 1 层「尾」（上限 9 层）。每层使普攻额外附加一段 12% 攻击的伤害。受到致命伤害时，消耗全部层数，每层回复 8% 最大生命。,#E9E4D8,#C9A063,#F0C239,#C8352C,#2A2118
jumang,句芒,1,4,3,《山海经·海外东经》,东方句芒，鸟身人面，乘两龙。,东方之神，司春与草木。鸟身人面，两足踏龙，所过之处冻土生芽。传说他能把断裂的枝条接回原处，也能把将熄的命火重新吹旺——但这需要他付出自己的元气。,立春之日，东风解冻。冻土之下最先醒来的不是草芽，是句芒踩过的脚印。,春生不息,我方任意单位首次阵亡时，不进入死亡状态，而是以 40% 生命复活并驱散其全部减益，同时该单位获得 2 回合「无我」（免疫所有控制）。每场战斗限触发 1 次。,#789262,#BCE672,#A8D96B,#F0C239,#2A2118
lushu,鹿蜀,1,4,1,《山海经·南山经》,杻阳之山，有兽焉，其状如马而白首，其文如虎而赤尾，其音如谣，其名曰鹿蜀，佩之宜子孙。,马身白首，身有虎纹，拖着一条赤红的尾。它不伤人，只是站着唱歌，歌声像民谣一样好听。古人佩它的毛发，说能保佑子嗣繁衍——在本作里，它保佑的是队伍的延续。,它唱歌的时候，整座杻阳山都在照料后代。,宜子孙,我方的治疗与护盾效果溢出时，溢出量的 40% 会转移给生命最低的另一名队友（可连锁 1 次）。,#E9E4D8,#C8352C,#A8D96B,#3A3A3A,#2A2118
luwu,陆吾,3,1,1,《山海经·西山经》,昆仑之丘，是实惟帝之下都，神陆吾司之。其神状虎身而九尾，人面而虎爪，是神也，司天之九部及帝之囿时。,虎身九尾，人面虎爪。昆仑是天帝在人间的都城，而陆吾是它的守门人——他掌管的不是战斗，是「界限」。他不允许不该进来的东西进来。,昆仑不是不让人进，是陆吾觉得你还没准备好。,司界,我方站位在前排（第 1 行）的单位受到的伤害降低 20%；敌方单位无法穿过我方前排攻击后排（无位移类技能时）。,#D9B26A,#2A2118,#E8C25B,#C9A063,#2A2118
migu,迷榖,1,1,2,《山海经·南山经》,招摇之山，有木焉，其状如榖而黑理，其华四照，其名曰迷榖，佩之不迷。,并非兽，而是招摇山上的一株神木。树皮有黑色纹理，开花时光照四方。折一枝带在身上，就永远不会在山里迷路。此处的迷榖，是它化形而出的木灵。,招摇山上没有路，只有迷榖。找到它的人，从此再没丢过方向。,不迷,自身免疫「放逐」「传送改位」类效果；我方单位不会被强制改变站位。受到攻击时，为攻击者附加 1 层「迷」（命中 -10%，可叠 3 层）。,#5D8A66,#BCE672,#F4F8D3,#C9A063,#2A2118
qiongqi,穷奇,4,2,3,《山海经·西山经》,邽山，其上有兽焉，其状如牛，猬毛，名曰穷奇，音如獆狗，是食人。,牛身猬毛，声如狗吠。它是四凶之一，专门助长恶行：听说谁忠诚就咬谁的鼻子，听说谁凶恶就送他猎物。它不害好人，它是「好人」的敌人。,它不撒谎，它只是永远站在错的那一边。,助恶,战斗中，敌方增益越多，自身攻击力越高（每 1 个敌方增益 +8% 攻击）；自身每次攻击都会剥离目标 1 个增益，每剥离 1 个，该次伤害 +20%。,#8A7B63,#C8CFD3,#E9F1F6,#C8352C,#2A2118
qiuyu,犰狳,4,1,1,《山海经·东山经》,余峨之山，有兽焉，其状如菟而鸟喙，鸱目蛇尾，见人则眠，名曰犰狳，其鸣自訆，见则螽蝗为败。,像兔子却有鸟嘴，猫头鹰的眼，蛇的尾巴。见到人就装睡。它出现时，田里的蝗虫会死光——一个看起来最没用的家伙，恰好是唯一能治蝗灾的。,它不是懒，它只是把力气用在了没人在看的时候。,见人则眠,自身生命低于 30% 时进入「眠」状态：无法行动，但免疫所有伤害与控制，并在 1 回合后苏醒并回复 40% 最大生命（每场限 1 次）。,#A89678,#C8CFD3,#E9F1F6,#2A2118,#2A2118
rushou,蓐收,4,2,3,《山海经·海外西经》,西方蓐收，左耳有蛇，乘两龙。,西方之神，司秋与刑杀。左耳挂着一条蛇，乘两龙。秋是收获的季节，也是行刑的季节——割下麦穗与割下头颅，在他手里是同一件事。,他割下麦穗的时候，麦田很安静。,刑杀,我方所有单位对生命值低于 40% 的敌人造成的伤害 +45%；我方每次击杀，全队获得 1 层「秋决」（暴击伤害 +8%，上限 8 层，本局内保留）。,#C8CFD3,#C9A063,#E9F1F6,#6B7B8C,#2A2118
taotie,饕餮,3,2,2,《山海经·北山经》（狍鸮）、《神异经》,（狍鸮）其状如羊身人面，其目在腋下，虎齿人爪，其音如婴儿，名曰狍鸮，是食人。,羊身人面，眼睛长在腋下，虎齿人爪。它最大的问题不是贪吃，是永远吃不饱。最早它只是「狍鸮」，后来人们给它改名「饕餮」，从此它的名字本身就成了一种罪。,它连自己的影子都想吃。,无餍,每次击杀敌方单位，永久获得 +8% 攻击力与 +8% 最大生命（可无限叠加，跨战斗保留本局内层数）；自身每吞噬一个增益，回复 12% 最大生命。,#8B6B3E,#C9A063,#E8C25B,#C8352C,#2A2118
tiangou,天狗,4,1,2,《山海经·西山经》,阴山，有兽焉，其状如狸而白首，名曰天狗，其音如榴榴，可以御凶。,像狸而白首，叫声「榴榴」。古书说它可以「御凶」——它不是猎犬，它是挡在灾祸前面的那一道。（注：此天狗与后世的「天狗食月」无关，前者是守护兽，后者是灾兆，本作取守护兽义。）,灾祸来的时候，它已经站在那里了。,御凶,我方单位受到伤害时，有 30% 概率将该次伤害的 50% 转移到自身（转移后按自身减伤重新计算）；自身每转移一次伤害，获得 1 层「凶」（反击伤害 +10%，上限 10 层）。,#6B6157,#E9F1F6,#C8CFD3,#F0C239,#2A2118
xiangliu,相柳,5,2,2,《山海经·海外北经》,共工之臣曰相柳氏，九首，以食于九山。相柳之所抵，厥为泽溪。,共工的臣属，九个脑袋，同时吃九座山上的东西。它爬过的地方，都会变成沼泽和溪流——不是它造水，是水怕它，往它后面躲。,九个脑袋，没有一个在想好事。,九首,自身普攻对最多 9 个不同目标各发动 1 段 40% 攻击的伤害（目标不足 9 个时，多出的段数随机重复命中）；每命中一个新目标，本次技能伤害 +8%。,#4A5A45,#2A2118,#7BC47F,#C8352C,#2A2118
xingxing,狌狌,1,5,1,《山海经·南山经》,招摇之山，有兽焉，其状如禺而白耳，伏行人走，其名曰狌狌，食之善走。,长得像猿，白色耳朵，能伏地爬行也能直立奔跑。传说吃了它的肉会变得极善奔走。它跑得快，是因为它总在躲避自己知道的事情——狌狌知往而不知来。,它知道所有走过的路，所以从不敢回头看。,知往,战斗开始时，自身速度额外 +20%；每次我方有单位阵亡，自身速度再 +10%（无上限）。自身行动时不消耗怒气。,#B08A5E,#E9E4D8,#BCE672,#8B5A2B,#2A2118
xuangui,旋龟,5,4,1,《山海经·南山经》,杻阳之山，怪水出焉，而东流注于宪翼之水。其中多玄龟，其状如龟而鸟首虺尾，其名曰旋龟，其音如判木，佩之不聋。,黑色的龟，鸟的头，蛇的尾。叫声像劈木头。把它的甲佩在身上，耳朵就不会聋——它带来的不是洪亮的声音，而是「不会错过任何声音」的能力。,它不叫的时候，你才知道什么是安静。,佩之不聋,我方全体免疫「沉默」，且我方所有增益的持续时间 +1 回合；敌方施加的任何减益，其持续时间 -1 回合（最低 1 回合）。,#424C56,#C9A063,#7BC47F,#C8352C,#2A2118
yinglong,应龙,5,2,3,《山海经·大荒东经》《大荒北经》,应龙处南极，杀蚩尤与夸父，不得复上，故下数旱。……应龙畜水。,有翼之龙。它杀了蚩尤与夸父，立下大功，却因为耗尽了力气再也回不了天上，只能留在人间蓄水。它落下去的地方，天就不再下雨。,它曾飞过最高的天，所以最懂低处的水。,畜水,战斗开始时，自身累积「水势」（每回合 +2 层，上限 20 层）；每层使自身下一次伤害性技能 +6%。使用绝技后清空水势。击杀敌方单位时，水势 +5 层。,#3E5A7A,#C8CFD3,#6B9FD4,#FFD84D,#2A2118
yuqiang,禺强,5,3,3,《山海经·海外北经》,北方禺强，人面鸟身，珥两青蛇，践两赤蛇。,北方之神，亦称玄冥，人面鸟身，两耳挂青蛇，两脚踏赤蛇。他掌管冬与寒，也掌管北方的风——在他脚下，水会自己结成冰。,他不需要动手，北风会替他做完剩下的事。,玄冥,战斗开始时，敌方全体的速度按当前节气降序排列并标记为行动序列（玩家可见）；敌方每有一个单位被冻结，我方全体攻击 +6%（可叠加）。,#42506B,#2C3A55,#6B9FD4,#A8D8E8,#2A2118
zheng,狰,4,5,2,《山海经·西山经》,章莪之山，有兽焉，其状如赤豹，五尾一角，其音如击石，其名曰狰。,赤色豹身，五条尾巴，头上一只角，叫声像敲石头。它跑起来的时候，五条尾巴会在身后扫出一道光。,五条尾巴扫过去，石头就真的是石头声了。,五尾,自身普攻改为对随机敌人发动 5 段攻击（每段 35% 攻击）；每段命中独立判定暴击，任意一段暴击则下一段伤害 +25%（可累乘）。,#D65A32,#E9E4D8,#FFD84D,#C8352C,#2A2118
zhulong,烛龙,2,2,3,《山海经·大荒北经》,章尾山，有神，人面蛇身而赤，直目正乘，其瞑乃晦，其视乃明，不食不寝不息，风雨是谒。是烛九阴，是谓烛龙。,人面蛇身，通体赤红，身长千里。它闭上眼睛就是黑夜，睁开眼睛就是白天。不吃不睡不呼吸，一呼一吸之间便是风与雨。它不是神，它是昼夜本身。,它睁眼的时候，请不要直视。,司昼夜,战斗在第 1 回合开始时进入「昼」状态，第 2 回合转换为「夜」，如此交替。「昼」：我方全体攻击 +25%，暴击率 +15%；「夜」：我方全体减伤 +25%，回复 +30%。,#8C2B22,#2A2118,#FF4E20,#FFD84D,#2A2118
zhurong,祝融,2,3,3,《山海经·海外南经》,南方祝融，兽身人面，乘两龙。,南方之神，司夏与火。兽身人面，乘两龙而行。他掌管的不是「燃烧」而是「热」本身——在他面前，连空气都会自己着火。,祝融走过的地方，不需要点火。,燚,我方所有火属性伤害无视敌方 25% 的抗性；场上每存在 1 层灼烧，我方火属性单位攻击力 +1%（无上限）。,#C8352C,#F0A03C,#FF7A2F,#FFD84D,#2A2118
